"id","user_id","item","category","price","state","created_at"
1,69,"88","Garden",68.13,"successful","2021-01-17 06:59:37.711"
2,155,"25","Grocery",75.89,"successful","2021-02-04 16:02:49.316"
3,560,"59","Books",19.7,"successful","2021-02-04 23:27:48.552"
4,562,"95","Games",17.64,"successful","2021-01-01 04:59:15.834"
5,64,"24","Kids",76.08,"successful","2021-02-01 12:45:34.318"
6,402,"88","Movies",42.87,"successful","2021-01-14 16:14:26.351"
7,319,"67","Garden",22.85,"successful","2021-01-12 20:34:57.711"
8,86,"69","Outdoors",25.21,"successful","2021-01-26 05:01:06.605"
9,585,"51","Grocery",34.85,"successful","2021-02-01 04:13:50.754"
10,297,"38","Games",94.6,"successful","2021-02-04 21:26:11.172"
11,579,"49","Baby",49.3,"successful","2021-01-16 22:02:45.529"
12,283,"98","Industrial",41.39,"successful","2021-01-31 00:54:32.202"
13,437,"49","Electronics",56.63,"successful","2021-02-04 01:04:22.57"
14,319,"65","Games",36.71,"successful","2020-12-24 17:10:50.556"
15,162,"35","Jewelery",82.48,"successful","2020-12-22 00:59:38.614"
16,233,"10","Tools",75.18,"successful","2021-01-23 09:34:11.812"
17,119,"84","Computers",46.87,"successful","2021-01-12 11:58:31.513"
18,487,"80","Automotive",69.9,"successful","2021-01-05 11:10:07.643"
19,16,"21","Clothing",98.12,"successful","2020-11-14 08:38:08.924"
20,263,"13","Sports",58.62,"successful","2020-12-22 19:42:12.629"
21,240,"85","Grocery",72.63,"successful","2021-01-30 12:37:53.737"
22,455,"77","Sports",54.32,"successful","2020-12-29 13:02:52.352"
23,514,"47","Industrial",34.04,"successful","2021-01-02 09:35:44.404"
24,136,"88","Computers",58.17,"successful","2021-01-12 15:36:48.043"
25,337,"84","Computers",94.14,"successful","2021-02-06 10:13:21.151"
26,282,"25","Beauty",90.28,"successful","2021-01-29 16:46:57.21"
27,510,"92","Home",2.75,"successful","2021-01-23 02:12:34.894"
28,312,"88","Grocery",7.13,"successful","2021-01-01 02:53:19.191"
29,223,"50","Health",20.32,"successful","2021-02-07 18:45:24.49"
30,187,"11","Health",44.47,"successful","2020-12-02 04:27:17.801"
31,357,"94","Outdoors",98.94,"successful","2021-01-25 15:22:17.491"
32,320,"2","Industrial",70.23,"successful","2020-12-14 18:43:02.59"
33,439,"76","Home",45.06,"successful","2021-01-11 20:28:27.377"
34,163,"72","Shoes",68.01,"failed","2021-01-11 20:15:49.803"
35,184,"53","Sports",37.1,"successful","2021-02-06 20:21:00.418"
36,318,"66","Books",29.25,"successful","2021-01-27 04:12:13.933"
37,153,"17","Industrial",8.78,"successful","2021-01-31 19:23:37.458"
38,120,"49","Shoes",84.59,"successful","2020-11-24 02:25:46.276"
39,50,"36","Automotive",15.9,"successful","2020-11-21 07:47:37.449"
40,576,"18","Industrial",9.46,"successful","2021-01-31 02:32:22.208"
41,518,"56","Jewelery",96.88,"successful","2021-02-04 12:57:37.741"
42,265,"92","Clothing",63.86,"successful","2020-12-30 23:33:34.018"
43,424,"85","Tools",51.26,"successful","2020-12-21 13:07:26.387"
44,188,"79","Tools",56.02,"successful","2021-01-27 07:45:21.496"
45,264,"15","Clothing",83.4,"successful","2021-01-19 05:15:50.535"
46,506,"87","Tools",8.6,"successful","2021-01-18 18:19:54.224"
47,197,"23","Health",89.78,"successful","2020-12-17 23:30:05.908"
48,488,"70","Health",52.13,"successful","2021-02-07 15:12:17.31"
49,274,"69","Baby",96.1,"successful","2020-12-18 13:02:59.887"
50,423,"49","Books",84.25,"successful","2020-12-19 17:26:27.83"
51,24,"47","Kids",84.25,"successful","2020-12-28 23:05:11.433"
52,366,"20","Sports",7.83,"successful","2021-01-08 00:50:33.238"
53,52,"57","Sports",56.19,"successful","2021-01-04 18:57:18.658"
54,88,"78","Health",32.5,"successful","2021-01-28 17:19:46.304"
55,230,"88","Garden",94.11,"successful","2020-12-08 13:59:21.065"
56,252,"45","Tools",90.67,"successful","2021-01-21 03:56:48.134"
57,534,"96","Games",31.77,"successful","2021-01-24 17:49:02.537"
58,16,"70","Shoes",77.31,"successful","2020-12-22 08:24:17.793"
59,35,"9","Jewelery",18.52,"successful","2021-01-22 10:53:30.515"
60,436,"68","Computers",42.28,"successful","2021-01-10 20:05:16.902"
61,439,"85","Tools",31.54,"successful","2021-01-30 19:58:56.247"
62,203,"18","Baby",43.01,"successful","2021-01-13 16:59:59.957"
63,378,"86","Electronics",22.91,"successful","2020-12-24 00:08:20.145"
64,424,"48","Movies",21.06,"successful","2021-01-20 03:41:25.758"
65,303,"25","Baby",93.39,"successful","2021-01-14 12:48:54.678"
66,115,"74","Computers",45.51,"successful","2021-01-27 13:15:25.768"
67,343,"26","Sports",44.23,"successful","2020-12-27 08:14:17.251"
68,13,"8","Computers",39.49,"successful","2020-11-15 01:24:08.694"
69,598,"95","Tools",7.35,"successful","2021-02-02 22:26:45.218"
70,331,"45","Beauty",87.82,"successful","2021-01-04 22:36:35.75"
71,212,"20","Computers",48.53,"successful","2020-12-18 11:37:21.608"
72,460,"54","Grocery",65.48,"successful","2021-01-10 18:21:41.06"
73,378,"15","Automotive",10.07,"successful","2021-01-04 04:48:14.974"
74,426,"56","Tools",62.77,"successful","2020-12-25 21:20:44.384"
75,297,"63","Beauty",21.07,"successful","2020-12-30 23:12:45.784"
76,536,"97","Automotive",12.77,"successful","2021-01-02 23:55:48.096"
77,445,"100","Industrial",92.86,"successful","2021-01-14 15:43:48.871"
78,545,"71","Health",17.38,"successful","2021-01-24 15:44:04.484"
79,513,"35","Automotive",30.57,"successful","2021-01-02 06:44:33.488"
80,136,"40","Sports",41.2,"successful","2020-12-23 04:16:55.704"
81,97,"97","Health",13.75,"successful","2021-01-21 14:59:08.747"
82,442,"33","Beauty",81.37,"successful","2021-01-26 15:30:49.158"
83,277,"88","Sports",93.96,"successful","2021-01-28 17:51:38.985"
84,532,"72","Health",27.14,"successful","2021-01-26 16:23:41.286"
85,520,"86","Kids",1.83,"successful","2021-01-22 01:42:55.389"
86,24,"30","Games",79.78,"successful","2020-11-28 23:46:31.976"
87,538,"11","Industrial",94.73,"successful","2021-01-22 20:59:38.448"
88,370,"58","Toys",87.98,"successful","2021-01-10 01:27:50.224"
89,120,"46","Music",47.58,"successful","2021-01-09 12:37:36.96"
90,11,"45","Books",59.03,"successful","2020-11-21 08:34:44.488"
91,313,"95","Books",21.28,"successful","2020-12-18 08:08:25.803"
92,370,"87","Electronics",26.14,"successful","2021-01-13 23:22:13.249"
93,94,"67","Beauty",24.92,"successful","2021-02-06 09:20:09.991"
94,511,"81","Jewelery",9.26,"successful","2021-02-02 18:06:44.706"
95,507,"73","Jewelery",4.35,"successful","2021-01-10 09:51:35.486"
96,534,"21","Clothing",86.79,"successful","2021-01-07 07:43:37.128"
97,584,"51","Movies",17.63,"successful","2021-02-06 14:43:36.812"
98,465,"22","Games",17.66,"successful","2021-01-24 15:05:53.55"
99,80,"22","Sports",19.7,"successful","2020-12-21 00:43:22.923"
100,10,"3","Jewelery",55.42,"successful","2020-12-20 04:05:42.848"
101,551,"43","Automotive",54.56,"failed","2020-12-30 17:25:43.163"
102,134,"78","Music",17.99,"successful","2020-12-27 02:09:31.429"
103,260,"10","Outdoors",59.68,"successful","2020-12-04 21:48:23.82"
104,135,"28","Baby",87.42,"successful","2020-12-24 09:29:21.038"
105,91,"80","Music",94.3,"successful","2021-01-28 06:37:11.911"
106,407,"73","Games",26.54,"successful","2020-12-26 22:38:22.25"
107,140,"41","Grocery",70.85,"successful","2021-01-24 14:07:57.206"
108,409,"81","Sports",55.13,"successful","2021-01-16 21:51:50.776"
109,337,"93","Movies",63.17,"successful","2021-02-03 22:02:21.058"
110,40,"8","Baby",34.92,"successful","2021-01-11 17:38:44.235"
111,419,"90","Movies",88.64,"successful","2021-01-09 01:35:13.514"
112,178,"89","Computers",10.77,"successful","2021-01-16 20:57:17.11"
113,183,"55","Health",68.88,"successful","2021-01-08 09:09:55.381"
114,446,"36","Music",78.68,"successful","2021-01-20 06:33:14.613"
115,75,"41","Games",66.55,"successful","2021-01-20 00:25:57.71"
116,53,"94","Garden",25.96,"successful","2020-11-15 11:43:52.866"
117,434,"32","Sports",54.9,"failed","2021-02-04 11:29:30.55"
118,63,"38","Toys",17.32,"successful","2021-01-09 13:46:31.668"
119,57,"43","Jewelery",89.81,"successful","2021-02-01 13:31:31.468"
120,329,"89","Grocery",57.75,"successful","2020-12-24 15:49:48.98"
121,127,"2","Toys",99.94,"successful","2020-11-24 11:32:57.886"
122,599,"29","Tools",64.39,"successful","2021-01-12 10:02:31.732"
123,39,"33","Grocery",68.85,"successful","2020-12-28 12:43:02.332"
124,491,"6","Baby",17.69,"successful","2021-01-12 04:51:25.049"
125,485,"64","Automotive",74.35,"successful","2021-01-04 19:55:36.475"
126,137,"35","Toys",73.89,"successful","2021-01-03 05:53:41.457"
127,118,"8","Beauty",50.79,"successful","2021-01-14 17:38:29.801"
128,2,"77","Books",91.98,"failed","2020-11-12 04:56:24.64"
129,69,"91","Electronics",36.48,"successful","2020-12-08 06:21:04.233"
130,595,"37","Tools",25.33,"failed","2021-01-24 01:49:21.313"
131,156,"67","Health",37.3,"successful","2021-01-08 12:58:27.628"
132,251,"39","Tools",32.8,"successful","2020-12-12 01:35:46.917"
133,496,"21","Garden",3.06,"successful","2021-01-28 08:09:38.726"
134,592,"34","Garden",37.41,"successful","2021-01-05 11:20:09.052"
135,275,"7","Grocery",14.12,"successful","2021-01-29 06:38:31.424"
136,479,"64","Outdoors",47.95,"successful","2020-12-28 00:35:51.552"
137,105,"83","Shoes",18.13,"failed","2020-12-06 12:06:00.089"
138,516,"38","Music",73.51,"successful","2021-01-08 04:59:23.855"
139,225,"41","Automotive",47.79,"successful","2021-02-03 13:25:55.163"
140,63,"43","Garden",86.8,"successful","2020-12-08 16:00:14.431"
141,468,"63","Garden",63.95,"successful","2020-12-26 19:51:52.738"
142,306,"19","Shoes",51.68,"successful","2021-01-28 06:30:24.587"
143,439,"45","Electronics",92.35,"successful","2021-01-10 11:06:15.864"
144,316,"68","Electronics",43.79,"successful","2020-12-08 17:32:15.429"
145,167,"18","Clothing",36.46,"successful","2020-12-11 22:52:08.796"
146,335,"53","Movies",50.58,"failed","2020-12-30 16:47:49.572"
147,347,"97","Baby",17.55,"successful","2021-01-19 11:56:34.271"
148,156,"69","Garden",88.4,"successful","2021-01-04 18:49:14.662"
149,134,"58","Automotive",40.59,"successful","2020-11-29 01:52:11.447"
150,553,"5","Shoes",66.62,"successful","2021-01-11 18:00:29.071"
151,182,"60","Automotive",60.52,"successful","2021-02-07 15:03:15.502"
152,23,"80","Electronics",22.13,"successful","2020-11-29 01:19:48.078"
153,247,"2","Toys",4.72,"successful","2020-12-23 16:00:07.064"
154,383,"32","Home",87.25,"successful","2020-12-21 17:13:54.383"
155,69,"11","Grocery",4.7,"successful","2020-11-26 16:07:09.261"
156,181,"34","Books",55.37,"successful","2021-01-04 02:08:49.186"
157,221,"97","Garden",89,"successful","2020-12-21 03:15:09.265"
158,322,"55","Movies",25.7,"successful","2020-12-19 21:46:08.882"
159,508,"73","Electronics",12.15,"successful","2021-02-01 08:22:01.443"
160,465,"88","Jewelery",86.5,"successful","2021-01-04 07:24:09.098"
161,13,"67","Industrial",38.87,"successful","2020-11-24 15:01:54.567"
162,14,"59","Health",89.08,"successful","2020-11-11 23:13:01.204"
163,435,"40","Home",91.81,"successful","2020-12-27 07:13:32.688"
164,558,"83","Baby",34.54,"successful","2021-01-04 20:27:16.392"
165,520,"58","Clothing",87.87,"successful","2021-01-22 21:41:36.124"
166,373,"44","Shoes",2.14,"successful","2020-12-22 08:36:59.765"
167,27,"100","Movies",76.37,"successful","2020-12-31 15:25:24.549"
168,507,"26","Books",67.95,"successful","2021-01-26 05:59:02.507"
169,586,"20","Automotive",38.44,"successful","2021-02-05 20:41:16.899"
170,50,"61","Grocery",73.96,"successful","2020-12-11 03:50:23.943"
171,36,"42","Industrial",34.96,"successful","2020-12-30 17:55:37.835"
172,558,"14","Clothing",47.97,"successful","2020-12-30 05:04:17.538"
173,110,"13","Music",65.53,"successful","2020-12-12 04:12:25.623"
174,549,"89","Beauty",81.41,"successful","2021-01-10 06:20:59.989"
175,116,"24","Books",74.52,"successful","2020-12-03 09:38:05.026"
176,438,"26","Games",70.28,"successful","2021-01-24 12:59:08.271"
177,352,"55","Beauty",5.31,"successful","2021-02-03 23:34:05.578"
178,44,"89","Jewelery",4.31,"successful","2020-12-20 21:20:26.032"
179,149,"30","Garden",69.42,"successful","2021-02-05 08:02:52.607"
180,72,"26","Health",40.09,"successful","2021-02-02 20:44:42.795"
181,447,"25","Games",74.7,"successful","2021-01-24 00:13:32.685"
182,396,"42","Jewelery",47.81,"failed","2020-12-26 20:33:35.079"
183,68,"56","Grocery",15.55,"successful","2021-01-16 15:07:51.578"
184,278,"47","Sports",89.15,"successful","2020-12-27 11:38:09.131"
185,363,"45","Tools",15.39,"successful","2020-12-18 19:03:28.318"
186,486,"23","Clothing",57.28,"successful","2020-12-26 04:33:01.632"
187,258,"8","Industrial",92.04,"successful","2021-01-04 09:39:35.985"
188,509,"22","Sports",46.16,"successful","2021-01-01 20:30:48.661"
189,568,"52","Shoes",43.32,"successful","2021-01-10 03:00:43.092"
190,5,"22","Clothing",1.05,"successful","2020-11-22 07:00:19.885"
191,411,"42","Tools",72.35,"failed","2021-01-12 17:33:35.639"
192,390,"37","Tools",30.25,"successful","2021-01-18 14:16:47.677"
193,534,"70","Industrial",50.64,"successful","2021-02-05 01:26:06.906"
194,474,"98","Grocery",90.91,"successful","2021-01-24 20:20:14.826"
195,222,"44","Sports",20.34,"successful","2021-01-10 11:01:57.659"
196,67,"89","Games",2.25,"failed","2021-01-19 17:56:31.717"
197,400,"3","Electronics",34.4,"successful","2021-01-14 03:52:02.535"
198,240,"62","Automotive",65.03,"successful","2021-01-26 14:28:13.315"
199,341,"64","Movies",44.19,"successful","2021-01-24 07:42:19.527"
200,300,"84","Electronics",42.01,"successful","2021-01-21 15:35:36.51"
201,440,"92","Outdoors",88.98,"successful","2021-01-29 07:06:18.28"
202,415,"58","Shoes",31.31,"successful","2021-02-04 00:41:33.857"
203,26,"20","Books",10.34,"successful","2020-11-28 07:15:01.3"
204,479,"39","Movies",66.98,"successful","2020-12-31 20:37:29.976"
205,339,"3","Sports",19.79,"successful","2021-01-10 05:24:13.378"
206,336,"8","Toys",14.61,"successful","2020-12-23 17:50:56.503"
207,457,"19","Games",52.55,"successful","2021-01-16 11:47:59.61"
208,79,"64","Games",82.32,"successful","2021-01-23 05:26:18.591"
209,92,"90","Jewelery",76.67,"successful","2021-01-30 20:01:33.369"
210,264,"20","Beauty",29.02,"successful","2020-12-10 22:47:57.535"
211,564,"58","Grocery",1.42,"successful","2021-02-01 16:14:46.181"
212,403,"13","Tools",33.84,"successful","2021-01-28 17:32:31.288"
213,10,"53","Health",37.46,"successful","2020-12-05 12:02:19.964"
214,314,"19","Shoes",71.12,"successful","2021-02-05 23:05:55.584"
215,434,"49","Outdoors",95.47,"successful","2021-01-20 08:51:00.774"
216,5,"20","Automotive",20.07,"successful","2020-11-25 09:32:33.876"
217,33,"41","Games",15.45,"successful","2020-11-20 04:12:37.935"
218,502,"72","Kids",13.62,"successful","2021-01-12 16:47:33.761"
219,376,"52","Movies",11.93,"successful","2020-12-22 16:02:57.844"
220,415,"78","Toys",40.87,"successful","2021-01-09 11:53:09.498"
221,463,"58","Jewelery",19.91,"successful","2021-02-06 20:39:20.159"
222,208,"45","Health",17.79,"successful","2020-12-07 00:49:15.457"
223,155,"25","Jewelery",65.41,"successful","2021-01-19 05:13:12.151"
224,451,"73","Grocery",59.74,"successful","2021-01-23 02:47:37.519"
225,248,"97","Jewelery",74.4,"successful","2021-02-04 08:05:29.962"
226,530,"26","Clothing",77.58,"successful","2021-01-02 03:37:59.978"
227,94,"88","Kids",97.45,"successful","2021-01-31 21:21:08.654"
228,213,"11","Jewelery",11.02,"successful","2020-12-10 18:35:47.222"
229,6,"35","Beauty",56.06,"successful","2021-01-23 12:42:13.169"
230,176,"48","Tools",4.58,"successful","2021-01-29 00:16:18.774"
231,318,"6","Jewelery",91.11,"successful","2021-01-09 06:23:08.455"
232,236,"89","Garden",43.9,"successful","2021-01-17 10:50:35.675"
233,273,"31","Books",8.42,"successful","2020-12-31 16:57:05.055"
234,276,"44","Automotive",73.56,"successful","2020-12-26 06:50:35.806"
235,285,"27","Beauty",25.37,"successful","2021-01-07 00:08:38.361"
236,481,"9","Beauty",40.98,"successful","2021-01-25 23:53:24.677"
237,544,"82","Computers",13.33,"successful","2021-01-07 19:31:52.308"
238,100,"49","Clothing",10.79,"successful","2020-12-16 11:10:09.856"
239,423,"99","Music",86.14,"successful","2021-01-26 10:12:22.842"
240,263,"38","Beauty",63.32,"successful","2020-12-27 10:09:38.882"
241,49,"50","Sports",16.09,"successful","2020-12-17 01:32:46.05"
242,211,"84","Electronics",98.86,"successful","2021-01-17 06:29:09.447"
243,355,"21","Automotive",46.43,"successful","2021-01-14 22:05:13.594"
244,324,"23","Health",72.34,"successful","2021-01-23 05:31:21.662"
245,71,"23","Kids",9.47,"successful","2021-01-20 06:05:41.842"
246,401,"54","Tools",57.93,"successful","2021-01-02 11:01:08.431"
247,537,"16","Baby",24.81,"successful","2021-01-08 17:37:01.07"
248,104,"41","Movies",14.55,"successful","2020-12-21 14:40:35.065"
249,52,"66","Sports",35.31,"successful","2021-02-04 13:59:15.652"
250,462,"71","Beauty",24.56,"successful","2021-02-07 19:10:56.809"
251,181,"36","Toys",25.03,"successful","2021-01-28 17:27:18.599"
252,355,"4","Movies",87.81,"successful","2020-12-23 20:20:47.786"
253,542,"80","Industrial",21.12,"successful","2021-01-05 11:58:45.595"
254,389,"84","Shoes",54.91,"successful","2020-12-25 15:21:23.95"
255,132,"22","Health",8.2,"successful","2020-12-22 21:38:35.505"
256,446,"55","Games",75.22,"successful","2021-01-30 01:16:47.461"
257,170,"31","Movies",34.85,"successful","2020-12-09 04:49:08.672"
258,151,"16","Home",48.8,"successful","2020-12-11 19:43:16.003"
259,141,"6","Shoes",98.6,"successful","2021-02-02 14:26:40.988"
260,284,"89","Outdoors",52.13,"successful","2020-12-24 11:01:57.114"
261,241,"43","Home",71.19,"successful","2020-12-19 21:30:05.471"
262,203,"72","Beauty",81.03,"successful","2020-12-13 05:11:35.364"
263,243,"100","Toys",13.07,"successful","2020-12-21 10:52:46.209"
264,154,"83","Beauty",14.64,"successful","2020-11-30 23:31:58.061"
265,64,"56","Health",74.38,"successful","2021-01-21 13:25:32.46"
266,433,"82","Movies",92.34,"successful","2021-01-23 01:06:59.905"
267,341,"26","Kids",75.44,"successful","2020-12-21 14:08:35.881"
268,397,"4","Beauty",73.42,"successful","2021-01-22 19:16:16.453"
269,252,"46","Health",55.67,"successful","2020-12-07 10:23:18.742"
270,403,"36","Tools",82.94,"failed","2021-01-24 15:17:29.343"
271,443,"89","Grocery",3.22,"successful","2021-01-21 06:32:16.185"
272,517,"11","Books",7.42,"successful","2021-02-03 04:20:37.602"
273,592,"44","Automotive",96.8,"successful","2021-01-19 12:56:39.118"
274,346,"57","Outdoors",80.56,"successful","2021-01-03 17:02:24.979"
275,193,"47","Outdoors",99.15,"successful","2020-11-27 07:05:41.463"
276,253,"77","Toys",2.9,"successful","2020-12-09 06:43:18.662"
277,15,"93","Industrial",40.6,"successful","2020-11-23 00:00:04.128"
278,529,"87","Garden",66.36,"successful","2021-01-07 05:50:48.116"
279,418,"90","Books",28.94,"successful","2021-01-15 16:56:01.069"
280,207,"29","Movies",3.13,"successful","2021-01-05 16:41:18.121"
281,525,"8","Baby",49.6,"successful","2020-12-31 14:01:45.735"
282,285,"21","Kids",85.05,"successful","2021-01-12 19:55:39.891"
283,599,"36","Health",12,"successful","2021-01-13 17:05:41.704"
284,178,"77","Movies",12.36,"successful","2021-01-03 21:45:52.112"
285,577,"29","Kids",41.94,"successful","2021-01-19 07:05:44.634"
286,192,"79","Movies",24.25,"successful","2020-12-14 02:22:53.544"
287,233,"87","Beauty",95.67,"successful","2021-01-04 01:58:52.541"
288,562,"75","Grocery",5.33,"successful","2021-01-16 18:56:04.159"
289,412,"89","Electronics",13.2,"successful","2020-12-21 09:28:50.944"
290,52,"85","Jewelery",95.84,"successful","2020-12-12 19:10:46.609"
291,110,"42","Garden",72.31,"successful","2020-11-19 23:04:45.047"
292,322,"74","Sports",87.36,"successful","2020-12-17 13:53:31.679"
293,278,"96","Shoes",81.04,"successful","2020-12-22 12:31:59.512"
294,22,"37","Electronics",33.57,"successful","2020-12-17 16:03:53.598"
295,314,"7","Kids",67.02,"successful","2021-02-06 18:36:53.651"
296,178,"7","Grocery",69.02,"successful","2020-12-13 02:30:01.624"
297,209,"32","Shoes",80.81,"successful","2021-01-21 14:17:21.813"
298,409,"82","Automotive",34.05,"successful","2020-12-19 21:14:11.373"
299,6,"19","Games",7.62,"failed","2020-12-25 18:35:00.596"
300,508,"35","Music",97.8,"successful","2020-12-26 18:06:08.911"
301,218,"21","Kids",14.86,"successful","2021-01-10 23:19:11.91"
302,214,"11","Grocery",6.08,"successful","2021-01-26 09:39:33.733"
303,453,"66","Toys",2.51,"successful","2021-01-21 04:03:09.553"
304,575,"61","Beauty",16.83,"successful","2021-02-06 06:15:55.503"
305,113,"72","Grocery",57.42,"successful","2020-12-14 18:17:45.836"
306,495,"23","Movies",71.03,"successful","2021-02-02 09:36:34.756"
307,246,"45","Outdoors",63.34,"successful","2021-02-05 22:50:03.974"
308,56,"79","Games",18.27,"successful","2020-11-29 04:35:25.774"
309,22,"19","Beauty",38.83,"successful","2021-01-27 06:39:59.133"
310,27,"87","Outdoors",5.49,"successful","2021-01-19 10:54:36.052"
311,248,"46","Kids",18.74,"successful","2020-12-05 01:38:56.56"
312,143,"58","Health",59.03,"successful","2020-12-31 02:32:41.539"
313,358,"89","Industrial",33.66,"successful","2021-01-27 19:59:38.228"
314,157,"63","Beauty",48.93,"successful","2021-02-05 00:33:03.932"
315,178,"88","Clothing",84.71,"successful","2021-02-05 11:19:43.643"
316,492,"10","Shoes",64.72,"successful","2021-01-14 04:54:51.475"
317,214,"21","Toys",61.2,"successful","2020-12-22 21:33:28.508"
318,265,"10","Tools",69.32,"successful","2021-02-07 17:09:02.194"
319,98,"11","Home",11.38,"successful","2021-01-01 02:16:06.767"
320,263,"13","Garden",6.67,"successful","2020-12-28 20:34:33.611"
321,364,"34","Automotive",12.74,"successful","2021-01-18 11:40:15.356"
322,93,"73","Clothing",84.73,"successful","2021-02-03 15:26:55.824"
323,378,"48","Toys",88.03,"successful","2020-12-26 17:07:51.799"
324,328,"56","Grocery",7.51,"successful","2020-12-21 20:26:37.926"
325,56,"16","Outdoors",48.3,"successful","2021-01-22 22:39:06.249"
326,28,"3","Games",51.96,"successful","2021-02-07 12:33:24.687"
327,293,"55","Toys",25.23,"successful","2020-12-07 23:36:38.768"
328,234,"13","Books",29.95,"successful","2020-12-31 14:56:57.096"
329,114,"14","Home",45.14,"successful","2020-12-29 17:56:06.358"
330,165,"56","Shoes",79.43,"successful","2021-02-03 21:03:59.807"
331,268,"51","Kids",37.3,"successful","2020-12-11 10:39:46.514"
332,50,"79","Books",80.56,"successful","2020-11-21 10:42:34.508"
333,216,"78","Grocery",1.95,"successful","2021-02-07 17:00:34.131"
334,510,"31","Movies",90.4,"successful","2021-01-08 12:51:50.613"
335,42,"31","Grocery",67.97,"successful","2021-01-31 23:11:20.774"
336,146,"64","Jewelery",64.26,"failed","2021-01-01 09:14:22.626"
337,466,"69","Grocery",90.73,"successful","2021-01-24 00:22:23.204"
338,20,"29","Toys",59.37,"successful","2020-11-28 18:31:29.263"
339,230,"26","Games",19.28,"successful","2020-12-12 15:04:58.987"
340,241,"49","Music",77.82,"successful","2021-02-03 12:09:39.931"
341,544,"42","Tools",90.81,"successful","2021-01-17 15:58:53.72"
342,480,"96","Outdoors",13.99,"successful","2021-01-18 02:41:59.362"
343,554,"3","Health",88.31,"successful","2021-02-03 16:12:25.158"
344,210,"21","Electronics",44.98,"successful","2020-12-06 21:43:48.266"
345,17,"78","Home",68.9,"successful","2020-12-19 04:25:09.121"
346,246,"32","Electronics",39.87,"successful","2020-12-25 04:16:31.202"
347,222,"78","Tools",41.66,"successful","2020-12-29 23:29:54.677"
348,387,"69","Grocery",21.63,"successful","2021-01-09 03:44:32.482"
349,264,"100","Sports",36.52,"successful","2020-12-15 09:28:35.857"
350,304,"48","Industrial",99.93,"successful","2021-01-23 13:10:00.012"
351,468,"20","Home",20.71,"successful","2021-01-05 02:06:43.535"
352,185,"25","Outdoors",68.44,"successful","2021-02-06 16:10:40.145"
353,82,"91","Computers",17.55,"successful","2021-02-05 06:28:20.86"
354,139,"87","Garden",28.16,"successful","2021-02-01 07:19:45.304"
355,472,"68","Beauty",59.03,"successful","2021-01-28 14:37:23.283"
356,372,"51","Movies",11.1,"successful","2020-12-27 01:51:59.804"
357,501,"43","Toys",75.68,"successful","2021-02-07 18:28:25.545"
358,338,"50","Tools",88.29,"successful","2021-01-19 12:55:51.15"
359,539,"79","Outdoors",25.19,"successful","2021-01-27 22:46:09.294"
360,485,"57","Garden",35.21,"successful","2021-02-01 07:31:38.864"
361,440,"76","Jewelery",81.72,"successful","2021-01-06 22:19:10.374"
362,340,"9","Clothing",84.92,"failed","2020-12-13 18:46:24.046"
363,83,"62","Tools",38.44,"successful","2020-12-09 12:54:48.557"
364,563,"86","Jewelery",13.78,"successful","2021-01-23 01:10:23.462"
365,392,"62","Tools",77.82,"successful","2021-01-19 03:20:57.236"
366,103,"62","Industrial",86.53,"successful","2020-11-23 13:41:30.639"
367,196,"58","Beauty",82.7,"successful","2021-01-27 05:12:13.219"
368,321,"87","Industrial",52.94,"successful","2020-12-13 12:52:19.597"
369,238,"70","Books",68.74,"successful","2020-12-04 05:14:21.051"
370,9,"47","Kids",48.77,"successful","2020-11-16 08:53:31.885"
371,209,"3","Music",13.5,"successful","2020-12-30 15:25:59.904"
372,79,"38","Sports",90.94,"successful","2021-01-30 04:34:54.994"
373,269,"61","Automotive",61.13,"successful","2021-01-07 02:32:02.609"
374,404,"93","Automotive",58.58,"successful","2021-01-10 06:12:35.482"
375,588,"80","Industrial",6,"successful","2021-02-02 06:35:37.928"
376,516,"94","Garden",52.04,"successful","2021-01-25 18:28:51.959"
377,540,"33","Industrial",8.13,"successful","2021-02-06 08:57:12.715"
378,449,"1","Electronics",23.17,"successful","2021-01-29 14:02:57.61"
379,113,"31","Computers",48.8,"successful","2020-12-15 11:09:36.733"
380,335,"84","Computers",69.22,"successful","2021-01-27 15:54:27.697"
381,426,"6","Toys",74.43,"successful","2021-02-04 16:14:06.215"
382,199,"1","Jewelery",14.15,"successful","2020-12-03 13:09:20.446"
383,282,"44","Health",53.23,"successful","2020-12-06 23:01:17.397"
384,281,"7","Movies",93.04,"successful","2020-12-24 13:39:44.008"
385,307,"74","Garden",22.81,"successful","2020-12-13 23:34:54.649"
386,425,"34","Baby",55.72,"successful","2021-01-01 10:02:58.859"
387,54,"14","Sports",33.61,"successful","2021-01-08 13:02:17.408"
388,345,"67","Sports",8.3,"failed","2021-01-01 15:02:40.181"
389,134,"9","Kids",48.56,"successful","2020-12-31 15:45:56.428"
390,261,"100","Beauty",97.8,"successful","2021-01-20 07:56:13.749"
391,377,"31","Computers",14.85,"successful","2020-12-17 14:33:31.06"
392,182,"65","Industrial",68.14,"successful","2021-01-02 18:16:07.535"
393,272,"88","Games",41.17,"successful","2021-01-23 04:34:19.659"
394,578,"75","Toys",66.11,"successful","2021-01-19 08:43:45.799"
395,422,"51","Beauty",74.78,"successful","2021-01-16 06:45:53.501"
396,2,"58","Kids",82.85,"successful","2020-11-17 13:36:13.677"
397,241,"5","Industrial",12.72,"successful","2021-01-05 10:26:16.592"
398,417,"44","Computers",48.68,"failed","2021-01-20 08:28:49.782"
399,308,"42","Beauty",99.65,"successful","2021-01-07 05:33:34.512"
400,26,"81","Kids",38.52,"successful","2021-01-16 21:09:07.194"
401,405,"39","Computers",37.83,"successful","2020-12-31 22:56:44.475"
402,565,"91","Jewelery",15.73,"successful","2021-01-05 21:25:44.873"
403,339,"49","Books",93.62,"successful","2021-01-22 23:56:28.632"
404,547,"32","Shoes",43.69,"failed","2020-12-29 13:09:30.207"
405,42,"53","Books",85,"successful","2020-11-30 20:56:26.266"
406,80,"50","Electronics",16.99,"successful","2020-12-09 16:28:31.771"
407,109,"13","Electronics",99.67,"successful","2021-01-06 05:28:08.522"
408,78,"24","Games",44.06,"successful","2021-01-09 17:07:11.399"
409,56,"71","Music",89.82,"successful","2020-12-09 23:38:53.095"
410,534,"25","Clothing",12.63,"successful","2021-01-23 17:32:41.7"
411,262,"2","Beauty",34.73,"failed","2020-12-15 18:45:20.25"
412,495,"44","Industrial",13.05,"successful","2021-01-14 06:39:17.361"
413,437,"99","Games",20.01,"successful","2020-12-28 16:26:30.487"
414,589,"63","Industrial",81.56,"successful","2021-01-24 14:02:49.653"
415,135,"45","Books",30.37,"successful","2021-01-21 12:08:21.303"
416,133,"59","Toys",47.36,"successful","2020-12-31 16:59:59.187"
417,594,"79","Music",84.91,"failed","2021-01-14 03:40:56.721"
418,573,"73","Automotive",92.09,"successful","2021-02-04 05:24:07.665"
419,299,"46","Sports",42.07,"failed","2020-12-19 08:56:29.082"
420,547,"32","Beauty",14.99,"successful","2021-02-05 19:17:02.847"
421,117,"61","Music",54.5,"successful","2021-01-05 01:01:17.471"
422,357,"77","Kids",55.64,"successful","2021-01-29 16:11:22.198"
423,109,"64","Books",59.46,"successful","2021-01-04 21:11:47.022"
424,396,"16","Sports",82.06,"successful","2021-01-17 06:17:11.514"
425,266,"99","Industrial",93.65,"successful","2020-12-08 08:16:13.102"
426,346,"87","Outdoors",3.19,"successful","2021-01-20 17:29:29.098"
427,246,"15","Beauty",92.11,"successful","2021-01-06 11:15:48.512"
428,178,"63","Beauty",27.77,"successful","2021-01-15 04:38:07.782"
429,246,"45","Sports",87.13,"successful","2020-12-29 05:04:52.053"
430,465,"36","Movies",10.53,"successful","2021-02-04 18:05:02.035"
431,291,"55","Jewelery",8.1,"successful","2020-12-06 14:35:30.485"
432,565,"54","Tools",78.12,"successful","2021-01-12 08:34:10.854"
433,19,"80","Garden",92,"successful","2021-01-29 03:03:41.355"
434,410,"21","Music",98.4,"successful","2020-12-23 23:55:40.547"
435,429,"94","Sports",3.91,"successful","2021-02-04 09:54:57.231"
436,535,"70","Movies",61.63,"successful","2020-12-28 05:48:38.799"
437,291,"47","Garden",57.51,"successful","2021-01-07 01:29:16.183"
438,98,"68","Toys",18.91,"failed","2020-12-14 15:49:11.647"
439,45,"59","Health",13.43,"successful","2020-12-30 17:41:05.607"
440,556,"52","Games",70.6,"successful","2021-01-23 09:57:18.743"
441,485,"72","Music",33.2,"successful","2021-02-02 09:46:22.82"
442,49,"28","Health",39.91,"successful","2021-01-18 01:54:15.755"
443,437,"81","Computers",93.46,"successful","2021-01-18 23:40:36.221"
444,111,"81","Home",9.12,"successful","2020-12-31 16:17:02.298"
445,534,"27","Music",99.43,"successful","2021-01-22 10:04:17.425"
446,175,"28","Baby",84.13,"successful","2021-01-15 04:55:33.125"
447,14,"81","Tools",30.9,"successful","2021-01-28 05:20:35.234"
448,519,"31","Industrial",22.18,"successful","2021-02-02 23:08:52.564"
449,546,"29","Outdoors",19.69,"successful","2021-01-22 19:59:42.659"
450,290,"71","Clothing",19.68,"successful","2020-12-20 04:38:34.947"
451,533,"67","Electronics",20.04,"successful","2020-12-30 12:08:46.682"
452,158,"96","Garden",94.55,"successful","2021-01-28 06:43:01.239"
453,441,"67","Computers",10.59,"successful","2021-01-04 18:59:33.637"
454,100,"92","Sports",5.6,"successful","2020-12-23 12:56:00.861"
455,526,"66","Movies",68.62,"successful","2021-01-15 10:18:03.484"
456,520,"53","Tools",95.49,"successful","2021-01-19 00:10:22.611"
457,293,"33","Tools",32.18,"successful","2021-01-27 06:54:23.316"
458,17,"52","Shoes",21.87,"successful","2020-11-20 23:24:08.301"
459,151,"86","Computers",86.25,"successful","2020-12-02 22:27:53.72"
460,263,"89","Baby",42.12,"successful","2021-01-27 09:07:22.585"
461,68,"93","Grocery",59.24,"successful","2021-01-31 20:57:10.833"
462,269,"11","Books",39.83,"successful","2020-12-12 20:01:16.729"
463,395,"7","Shoes",31.42,"successful","2021-01-08 04:03:43.313"
464,584,"89","Jewelery",25.64,"successful","2021-01-14 16:18:34.538"
465,88,"35","Computers",32.9,"successful","2020-12-23 22:33:55.033"
466,143,"19","Shoes",89.3,"successful","2021-01-05 10:27:56.356"
467,60,"25","Health",19.25,"successful","2020-11-24 15:05:40.57"
468,19,"17","Books",61.17,"successful","2021-01-25 18:50:31.019"
469,185,"29","Movies",63.41,"successful","2021-01-02 18:11:24.647"
470,134,"77","Kids",65.2,"successful","2021-02-01 17:39:56.196"
471,324,"28","Beauty",24.26,"failed","2020-12-11 16:10:57.18"
472,514,"71","Games",54.08,"successful","2020-12-31 02:26:37.392"
473,109,"36","Jewelery",66.31,"successful","2020-11-28 04:58:21.065"
474,3,"35","Outdoors",81.63,"successful","2021-01-07 07:23:46.99"
475,78,"21","Clothing",96.4,"successful","2020-12-12 03:40:10.864"
476,142,"97","Baby",95.44,"successful","2021-01-05 16:45:23.904"
477,331,"49","Games",74.38,"successful","2020-12-24 20:20:18.419"
478,397,"34","Industrial",13.16,"successful","2021-02-01 21:36:29.292"
479,89,"98","Tools",63.48,"successful","2020-12-03 18:10:52.837"
480,517,"94","Clothing",22.3,"successful","2021-01-20 02:46:37.099"
481,94,"50","Toys",29.54,"successful","2020-12-17 10:13:14.555"
482,209,"24","Outdoors",44.4,"successful","2021-01-02 18:59:13.102"
483,418,"35","Garden",83.18,"successful","2021-01-20 06:21:11.347"
484,267,"40","Jewelery",36.97,"successful","2020-12-14 22:36:13.417"
485,70,"87","Jewelery",36.27,"successful","2020-12-03 17:36:26.68"
486,243,"16","Outdoors",45.96,"successful","2021-01-20 17:44:50.071"
487,362,"48","Shoes",80.91,"successful","2020-12-16 13:48:15.638"
488,98,"60","Jewelery",59.2,"successful","2020-12-08 16:17:33.621"
489,363,"58","Beauty",37.95,"successful","2020-12-27 01:35:28.454"
490,516,"80","Industrial",48.4,"successful","2021-01-15 22:08:19.875"
491,46,"86","Tools",7.89,"successful","2021-02-05 11:45:20.663"
492,163,"65","Health",43.47,"successful","2021-01-16 16:58:12.566"
493,599,"72","Automotive",21.89,"successful","2021-01-20 18:55:26.353"
494,384,"58","Shoes",51.41,"successful","2021-02-04 09:16:44.973"
495,320,"51","Baby",51.67,"successful","2020-12-27 16:59:14.593"
496,327,"34","Computers",46.7,"successful","2021-02-04 20:37:08.955"
497,316,"76","Electronics",35.35,"successful","2021-01-19 15:23:10.707"
498,157,"59","Garden",80.41,"successful","2021-01-04 19:15:36.219"
499,429,"32","Games",58.1,"successful","2021-01-05 20:19:12.583"
500,352,"91","Games",1.73,"failed","2021-01-21 04:18:03.014"
501,16,"73","Clothing",35.96,"successful","2021-01-27 08:27:18.099"
502,334,"38","Shoes",47.13,"successful","2020-12-14 17:35:16.637"
503,221,"75","Tools",23.77,"successful","2021-01-26 07:52:10.201"
504,498,"74","Grocery",15.04,"successful","2021-01-03 04:27:11.003"
505,204,"4","Beauty",75.12,"successful","2020-12-05 03:24:20.731"
506,63,"20","Jewelery",36.51,"successful","2021-01-22 09:10:44.972"
507,499,"22","Shoes",36.06,"successful","2021-01-15 01:34:31.074"
508,375,"93","Jewelery",76.78,"successful","2021-01-24 13:42:32.045"
509,201,"61","Sports",95.45,"successful","2021-01-23 19:01:59.74"
510,531,"91","Games",72.42,"successful","2021-01-18 16:45:19.112"
511,257,"11","Movies",87.61,"successful","2021-01-15 18:27:07.679"
512,120,"44","Music",15.23,"successful","2021-02-04 05:25:24.17"
513,566,"25","Automotive",67.76,"successful","2021-01-12 10:37:26.279"
514,453,"79","Books",47.41,"successful","2021-01-15 21:03:32.687"
515,455,"39","Computers",77.05,"successful","2021-01-23 13:00:30.802"
516,95,"7","Toys",38.59,"successful","2020-12-16 15:16:26.382"
517,305,"100","Sports",10.81,"successful","2020-12-16 13:09:41.482"
518,387,"43","Grocery",55.22,"successful","2021-01-04 19:28:20.609"
519,549,"76","Automotive",78.24,"successful","2020-12-30 00:20:30.507"
520,350,"25","Tools",93.38,"successful","2021-01-28 23:23:40.883"
521,583,"3","Electronics",91.36,"successful","2021-01-28 17:39:07.62"
522,495,"41","Clothing",55.72,"successful","2021-01-08 14:01:09.3"
523,362,"44","Kids",13,"successful","2020-12-15 15:48:49.217"
524,387,"34","Books",19.45,"successful","2020-12-16 21:52:05.269"
525,74,"87","Toys",84.52,"successful","2020-12-29 22:51:43.717"
526,95,"74","Movies",31.77,"successful","2020-11-23 20:32:05.342"
527,276,"71","Jewelery",86.43,"successful","2021-01-23 00:59:55.568"
528,208,"73","Outdoors",89.78,"successful","2021-01-30 14:46:15.77"
529,73,"64","Music",59.41,"successful","2020-11-20 22:59:37.799"
530,533,"50","Movies",10.85,"successful","2021-01-07 06:23:16.344"
531,334,"72","Baby",98.91,"successful","2020-12-15 03:20:33.343"
532,20,"49","Movies",7.66,"successful","2021-01-17 20:45:16.04"
533,131,"6","Shoes",3.36,"successful","2020-12-11 17:24:51.238"
534,182,"1","Baby",56.76,"successful","2021-01-24 11:43:16.025"
535,376,"66","Sports",73.67,"successful","2021-01-01 13:33:26.559"
536,522,"72","Books",2.35,"successful","2021-01-30 18:01:30.462"
537,277,"35","Clothing",36.54,"successful","2020-12-16 13:09:15.653"
538,321,"98","Jewelery",26.44,"successful","2021-01-19 10:02:47.023"
539,337,"1","Outdoors",45.65,"successful","2021-02-02 15:28:26.65"
540,353,"44","Electronics",51.16,"successful","2021-01-18 00:46:11.983"
541,209,"7","Kids",9.59,"failed","2021-01-24 19:08:01.701"
542,257,"49","Shoes",59.63,"successful","2021-01-23 18:19:20.217"
543,151,"7","Books",63.54,"successful","2020-12-25 14:47:53.815"
544,275,"93","Industrial",97.18,"successful","2021-01-24 00:31:51.47"
545,244,"28","Games",95.25,"successful","2020-12-10 04:59:11.927"
546,491,"76","Movies",84.38,"successful","2020-12-31 03:25:51.62"
547,277,"33","Sports",15.47,"successful","2020-12-29 16:42:01.402"
548,474,"24","Movies",99.61,"successful","2021-01-27 11:43:53.667"
549,475,"85","Tools",22.28,"successful","2021-01-03 17:15:51.511"
550,359,"57","Games",75.81,"successful","2021-01-29 16:02:42.148"
551,335,"37","Health",10.76,"successful","2020-12-22 09:45:54.116"
552,139,"44","Health",53.12,"successful","2021-01-14 19:15:45.174"
553,284,"8","Toys",92.46,"successful","2020-12-19 12:23:21.562"
554,399,"86","Tools",42.12,"successful","2021-01-24 18:37:22.484"
555,236,"95","Automotive",12.31,"successful","2020-12-19 20:36:06.501"
556,352,"5","Kids",7.63,"successful","2021-01-10 07:46:24.154"
557,13,"31","Automotive",39.01,"successful","2020-11-17 02:16:02.78"
558,345,"57","Home",99.36,"successful","2020-12-16 15:48:31.874"
559,231,"90","Movies",78.94,"successful","2021-01-04 23:27:00.699"
560,160,"3","Home",69.39,"failed","2020-12-13 09:11:54.672"
561,266,"21","Sports",51.43,"successful","2021-01-13 15:19:31.698"
562,384,"12","Home",91.55,"successful","2021-01-13 04:58:46.456"
563,297,"84","Music",63.05,"successful","2021-01-13 22:23:40.595"
564,504,"39","Sports",96.04,"successful","2021-01-19 12:33:58.301"
565,282,"11","Outdoors",6.88,"successful","2020-12-17 03:34:53.022"
566,186,"48","Tools",46.5,"successful","2021-01-01 02:22:49.437"
567,315,"97","Movies",30.14,"successful","2021-01-23 01:42:05.664"
568,437,"83","Beauty",27.69,"successful","2021-01-11 19:34:48.664"
569,324,"2","Tools",37.15,"successful","2021-01-25 17:53:09.16"
570,184,"72","Health",63.29,"successful","2021-01-08 10:36:13.131"
571,175,"68","Health",4.12,"successful","2020-12-30 19:33:11.767"
572,557,"76","Home",1.44,"successful","2021-02-04 03:52:18.466"
573,458,"40","Books",14.21,"successful","2021-02-03 19:24:40.649"
574,363,"54","Sports",2.56,"successful","2021-01-30 15:35:43.013"
575,514,"29","Books",70.88,"successful","2021-01-29 17:56:26.816"
576,482,"60","Jewelery",68.69,"successful","2021-01-01 06:44:44.219"
577,165,"35","Outdoors",34.98,"successful","2020-12-30 01:16:00.195"
578,184,"15","Shoes",4.31,"successful","2020-12-05 09:40:03.662"
579,445,"55","Baby",49.61,"successful","2020-12-20 09:47:15.365"
580,116,"55","Music",4.39,"successful","2020-12-20 05:51:10.062"
581,19,"98","Beauty",15.65,"successful","2021-02-05 21:20:40.688"
582,177,"4","Automotive",38.98,"successful","2020-12-13 18:22:54.909"
583,175,"72","Jewelery",7.18,"successful","2021-01-27 04:03:06.709"
584,547,"5","Electronics",61.95,"successful","2021-02-07 03:31:38.497"
585,157,"98","Clothing",6.89,"successful","2020-12-25 23:10:14.637"
586,474,"48","Toys",69.01,"successful","2021-01-17 04:20:29.996"
587,586,"95","Beauty",95.31,"successful","2021-01-05 06:16:41.759"
588,205,"32","Automotive",72.77,"successful","2021-01-27 07:04:12.468"
589,361,"99","Electronics",86.62,"successful","2020-12-14 21:19:27.495"
590,390,"6","Industrial",81.48,"successful","2020-12-17 16:12:23.129"
591,198,"5","Shoes",90.57,"failed","2020-12-22 04:21:10.273"
592,322,"44","Health",30.84,"successful","2021-01-22 09:07:37.546"
593,565,"6","Outdoors",86.19,"successful","2021-01-26 21:44:29.135"
594,422,"2","Books",90.04,"successful","2021-02-02 22:53:02.36"
595,20,"28","Automotive",82.54,"successful","2020-11-24 04:30:04.709"
596,265,"29","Tools",97.66,"successful","2020-12-09 05:41:56.396"
597,267,"65","Games",32.18,"successful","2020-12-19 14:11:54.206"
598,305,"91","Electronics",6.14,"successful","2020-12-22 07:52:13.694"
599,583,"17","Movies",18.82,"successful","2021-01-15 21:03:24.178"
600,527,"11","Outdoors",24.58,"successful","2021-01-15 18:52:01.241"
601,307,"99","Tools",19.43,"successful","2020-12-13 23:00:52.961"
602,150,"90","Beauty",98.89,"successful","2021-01-12 14:13:43.624"
603,309,"52","Computers",10.71,"successful","2021-01-12 04:52:33.311"
604,15,"89","Kids",3.72,"successful","2021-02-03 13:06:34.215"
605,328,"65","Industrial",14.17,"successful","2021-01-11 07:59:29.623"
606,527,"11","Clothing",69.29,"successful","2021-01-20 03:00:29.538"
607,541,"18","Garden",23.96,"successful","2021-01-13 00:15:09.242"
608,302,"84","Industrial",15.46,"successful","2021-01-31 00:01:49.244"
609,303,"56","Beauty",89.18,"successful","2020-12-19 06:35:18.224"
610,296,"100","Computers",57.8,"successful","2021-02-06 01:02:21.479"
611,276,"71","Beauty",24.12,"successful","2021-02-05 03:08:09.822"
612,166,"13","Shoes",39,"successful","2021-01-18 14:09:58.626"
613,146,"73","Toys",50.73,"successful","2021-02-01 20:16:06.811"
614,63,"89","Jewelery",55.26,"successful","2021-01-13 21:34:28.139"
615,23,"27","Baby",98.94,"successful","2020-11-15 10:11:01.44"
616,370,"81","Computers",36.44,"successful","2020-12-23 13:59:48.407"
617,500,"12","Shoes",13.44,"successful","2021-01-19 20:00:27.482"
618,515,"28","Automotive",85.87,"successful","2021-01-08 08:12:29.782"
619,48,"87","Garden",89.65,"successful","2021-02-05 11:40:51.323"
620,344,"79","Tools",8.57,"successful","2021-01-16 02:27:48.257"
621,273,"82","Outdoors",36.39,"successful","2021-02-02 02:55:35.051"
622,50,"55","Baby",93.59,"successful","2020-12-20 16:20:45.639"
623,575,"18","Baby",3.39,"successful","2021-01-31 00:43:34.801"
624,554,"60","Tools",52.37,"successful","2021-01-03 17:27:05.538"
625,3,"61","Computers",60.87,"failed","2020-11-22 22:49:24.591"
626,488,"56","Toys",55.82,"successful","2021-01-28 16:10:46.63"
627,451,"10","Garden",5.55,"successful","2020-12-29 14:38:24.869"
628,102,"84","Garden",10.88,"successful","2020-12-03 16:32:10.99"
629,323,"68","Beauty",98.6,"successful","2020-12-20 19:45:03.572"
630,364,"91","Sports",19.74,"successful","2021-02-04 22:01:16.845"
631,320,"7","Automotive",66.86,"successful","2020-12-17 22:35:31.763"
632,462,"68","Movies",9.71,"successful","2020-12-30 08:49:41.904"
633,386,"41","Sports",50.3,"successful","2021-01-16 23:54:21.036"
634,494,"66","Games",96.46,"successful","2020-12-29 20:02:16.802"
635,495,"85","Books",61.01,"successful","2020-12-27 15:14:36.786"
636,382,"87","Grocery",19.15,"successful","2021-01-04 05:15:26.814"
637,243,"27","Home",30.06,"successful","2021-02-07 19:08:35.422"
638,370,"3","Movies",36.24,"successful","2020-12-27 18:20:15.753"
639,191,"44","Kids",7.05,"successful","2020-12-17 17:28:27.536"
640,207,"1","Electronics",30.07,"failed","2021-01-28 02:17:31.426"
641,424,"21","Shoes",7.7,"successful","2021-02-01 15:04:54.206"
642,593,"68","Garden",20.56,"successful","2021-01-09 11:19:27.736"
643,352,"25","Books",8.43,"successful","2020-12-22 00:22:16.694"
644,574,"78","Health",50.17,"successful","2021-01-16 06:05:49.724"
645,384,"52","Garden",23.71,"successful","2021-01-25 15:40:46.373"
646,46,"72","Books",93.07,"successful","2021-02-03 02:01:20.26"
647,333,"40","Tools",68.79,"successful","2021-01-18 10:52:04.188"
648,327,"46","Home",27.55,"successful","2021-01-04 15:04:28.614"
649,146,"27","Tools",21.4,"successful","2020-12-28 06:06:59.813"
650,426,"52","Outdoors",68.03,"successful","2020-12-28 19:15:33.888"
651,515,"23","Music",16.71,"successful","2021-01-14 07:49:00.678"
652,503,"20","Games",95.06,"successful","2020-12-31 23:41:23.849"
653,236,"54","Tools",42.74,"successful","2021-01-09 21:18:53.847"
654,180,"5","Shoes",51.3,"successful","2021-01-24 17:54:49.394"
655,464,"14","Jewelery",77.41,"successful","2021-01-15 03:16:10.571"
656,370,"81","Jewelery",6.18,"successful","2021-01-30 05:23:50.736"
657,424,"41","Industrial",85.17,"successful","2021-01-11 21:25:31.618"
658,360,"49","Shoes",81.6,"successful","2021-02-04 07:39:23.532"
659,223,"36","Jewelery",25.71,"successful","2020-12-09 07:14:57.887"
660,589,"20","Tools",41.71,"successful","2021-01-25 19:16:20.067"
661,561,"32","Beauty",51.28,"successful","2021-01-06 08:08:30.934"
662,62,"85","Electronics",47.6,"successful","2021-01-24 08:51:08.958"
663,405,"81","Beauty",20.8,"successful","2021-01-24 08:40:42.522"
664,24,"18","Health",6.06,"successful","2020-12-10 12:13:29.755"
665,479,"74","Shoes",6.24,"successful","2021-01-25 09:31:23.874"
666,241,"51","Health",18.01,"successful","2020-12-04 01:11:23.883"
667,216,"91","Music",54.8,"successful","2021-01-13 10:46:51.827"
668,326,"59","Clothing",37.01,"successful","2021-01-20 14:54:13.133"
669,53,"79","Outdoors",88.23,"successful","2021-01-01 09:11:34.765"
670,209,"38","Home",85.87,"successful","2020-12-16 07:09:41.965"
671,254,"80","Beauty",92.07,"successful","2021-02-06 15:20:20.148"
672,436,"19","Games",7.69,"successful","2020-12-24 09:40:07.088"
673,229,"27","Computers",54.54,"successful","2021-01-22 03:59:38.407"
674,270,"7","Grocery",75.15,"successful","2020-12-25 21:25:07.641"
675,85,"8","Sports",59.21,"successful","2020-11-30 10:04:56.04"
676,592,"95","Beauty",2.04,"successful","2021-01-31 10:46:53.86"
677,318,"94","Shoes",3.98,"successful","2021-01-28 12:25:54.339"
678,365,"60","Computers",7.73,"successful","2021-01-13 19:45:07.176"
679,31,"61","Sports",57.87,"successful","2021-02-04 18:54:33.349"
680,509,"91","Outdoors",48.4,"successful","2020-12-29 22:17:21.708"
681,544,"18","Garden",79.42,"successful","2021-01-27 15:50:13.851"
682,598,"36","Music",29.64,"successful","2021-01-16 20:02:29.542"
683,531,"91","Health",8.7,"successful","2021-01-26 08:48:29.381"
684,371,"93","Movies",72.66,"successful","2020-12-29 04:01:35.554"
685,37,"35","Baby",16.08,"successful","2021-01-13 16:16:26.555"
686,379,"15","Shoes",98.44,"successful","2021-01-03 00:34:57.633"
687,168,"94","Computers",24.04,"successful","2020-12-05 00:13:27.653"
688,172,"53","Music",30.87,"successful","2020-11-28 17:10:29.228"
689,231,"33","Automotive",18.22,"successful","2021-01-11 13:43:02.701"
690,495,"40","Automotive",14.84,"successful","2021-01-02 21:16:38.859"
691,104,"87","Clothing",32.7,"successful","2020-11-21 16:48:56.989"
692,580,"37","Music",40.91,"successful","2021-01-18 11:17:18.433"
693,278,"42","Garden",99.88,"successful","2020-12-26 15:47:27.709"
694,336,"98","Beauty",38.63,"successful","2021-01-27 12:37:05.199"
695,235,"1","Tools",89.03,"successful","2021-01-24 13:03:34.375"
696,285,"56","Automotive",33.26,"successful","2020-12-25 17:16:24.722"
697,102,"70","Tools",50.27,"successful","2021-01-20 12:13:26.152"
698,296,"8","Outdoors",34.02,"successful","2020-12-31 06:29:39.96"
699,435,"77","Jewelery",4.31,"successful","2020-12-22 23:24:05.521"
700,307,"45","Shoes",29.86,"successful","2020-12-18 13:30:18.618"
701,389,"44","Automotive",51.07,"successful","2021-02-03 04:41:58.501"
702,287,"48","Baby",65.02,"successful","2020-12-24 18:14:23.998"
703,483,"52","Automotive",22.7,"successful","2021-01-27 03:34:07.485"
704,138,"70","Movies",57.27,"successful","2020-12-11 05:19:08.837"
705,112,"95","Tools",97.5,"successful","2020-11-26 23:08:52.328"
706,517,"76","Industrial",87.86,"successful","2021-01-27 00:01:13.248"
707,513,"87","Books",3.89,"successful","2021-01-02 19:54:09.243"
708,418,"42","Computers",53.53,"successful","2020-12-25 06:40:36.43"
709,174,"48","Automotive",34.77,"successful","2020-12-28 04:02:17.358"
710,105,"11","Computers",33.62,"successful","2020-12-21 23:40:46.641"
711,9,"77","Clothing",40.55,"successful","2020-12-20 04:55:05.283"
712,531,"32","Health",96.45,"successful","2021-01-19 01:47:16.217"
713,311,"35","Sports",51.62,"successful","2020-12-10 04:56:47.118"
714,2,"90","Clothing",68.38,"successful","2020-12-17 07:13:21.1"
715,575,"3","Toys",82.29,"successful","2021-01-10 23:22:50.648"
716,199,"65","Kids",43.74,"successful","2021-02-07 01:32:42.199"
717,108,"40","Health",88.07,"successful","2021-01-18 15:06:16.238"
718,60,"46","Kids",50.67,"successful","2021-01-08 00:38:24.965"
719,307,"74","Automotive",3.36,"successful","2021-01-05 01:09:51.05"
720,103,"33","Automotive",32.08,"successful","2021-02-05 20:12:08.351"
721,591,"64","Shoes",33.15,"successful","2021-01-13 11:15:46.638"
722,497,"62","Tools",77.87,"successful","2021-01-30 19:49:24.87"
723,242,"34","Clothing",89.19,"successful","2020-12-03 08:54:35.167"
724,12,"95","Tools",46.37,"successful","2020-11-16 09:08:31.413"
725,528,"37","Health",7.84,"successful","2020-12-27 13:37:57.155"
726,326,"52","Home",87.84,"successful","2021-01-15 19:06:40.954"
727,224,"7","Shoes",46.71,"failed","2021-01-22 17:27:37.994"
728,201,"52","Automotive",33.16,"successful","2020-12-24 03:58:17.974"
729,536,"34","Clothing",78.9,"successful","2021-01-06 02:04:18.35"
730,468,"12","Outdoors",16.53,"successful","2020-12-30 17:56:03.022"
731,74,"91","Movies",13.4,"successful","2021-01-02 04:58:45.171"
732,82,"85","Shoes",23.99,"successful","2020-12-19 11:24:25.682"
733,23,"65","Clothing",79.62,"successful","2021-02-06 18:11:19.367"
734,79,"59","Electronics",58.25,"successful","2020-12-29 21:05:32.16"
735,432,"90","Toys",49.22,"successful","2021-01-02 06:03:45.217"
736,481,"70","Automotive",17.03,"successful","2021-01-02 00:47:23.916"
737,253,"86","Movies",43.12,"successful","2021-02-06 15:05:57.548"
738,134,"23","Jewelery",41.23,"successful","2021-01-21 11:32:00.615"
739,277,"25","Clothing",99.25,"successful","2021-01-01 07:20:56.241"
740,593,"61","Kids",90.17,"successful","2021-01-26 22:28:06.898"
741,279,"12","Movies",26.38,"successful","2021-01-29 02:41:39.846"
742,211,"95","Computers",88,"successful","2021-02-04 14:27:31.32"
743,462,"10","Movies",40.45,"successful","2021-02-03 03:24:03.129"
744,490,"97","Movies",37.46,"successful","2021-01-28 14:39:48.472"
745,462,"58","Music",85.63,"successful","2021-01-26 19:47:38.744"
746,366,"53","Garden",72.25,"successful","2021-01-05 16:20:12.063"
747,517,"70","Computers",71.38,"successful","2021-01-07 03:38:03.337"
748,335,"5","Baby",80.9,"successful","2020-12-21 14:54:44.699"
749,259,"16","Electronics",3.26,"successful","2021-01-01 16:35:46.596"
750,334,"11","Tools",85.54,"failed","2021-01-26 12:29:41.59"
751,182,"94","Games",21.54,"successful","2021-01-20 00:57:27.141"
752,493,"7","Shoes",5.68,"successful","2021-01-08 11:56:34.659"
753,189,"70","Movies",60.67,"successful","2021-01-14 02:23:01.998"
754,356,"53","Sports",3.96,"successful","2020-12-17 06:03:07.585"
755,120,"95","Health",7.39,"successful","2020-11-28 01:42:20.799"
756,433,"93","Clothing",96.74,"successful","2020-12-20 09:52:55.965"
757,189,"79","Beauty",59.68,"successful","2021-01-05 04:51:52.699"
758,132,"88","Shoes",53.13,"successful","2020-11-27 06:50:05.093"
759,119,"68","Computers",96.19,"successful","2020-11-30 03:52:31.613"
760,310,"44","Shoes",96.14,"successful","2021-01-10 12:48:12.087"
761,485,"42","Grocery",62.72,"successful","2021-01-07 11:52:36.651"
762,329,"27","Tools",70.25,"successful","2020-12-11 07:23:18.619"
763,226,"56","Beauty",69.04,"successful","2020-12-27 06:49:04.797"
764,162,"60","Tools",75.59,"successful","2020-12-07 14:45:33.811"
765,157,"70","Garden",49.25,"successful","2020-12-10 20:34:46.202"
766,385,"64","Shoes",71.68,"successful","2021-01-07 17:04:35.96"
767,54,"79","Baby",36.31,"successful","2020-12-03 07:38:09.4"
768,403,"84","Baby",51.15,"successful","2021-01-18 23:01:44.573"
769,227,"89","Automotive",52.58,"successful","2020-12-09 18:19:52.448"
770,448,"82","Industrial",45.13,"successful","2021-01-05 05:27:07.737"
771,426,"60","Jewelery",88.87,"successful","2021-01-31 21:06:05.302"
772,248,"92","Industrial",97.09,"successful","2021-02-01 12:53:44.312"
773,581,"16","Baby",85.14,"successful","2021-01-10 08:59:27.737"
774,107,"23","Movies",46.1,"successful","2021-01-15 09:58:26.743"
775,357,"87","Health",12.1,"successful","2020-12-25 13:10:03.482"
776,136,"8","Electronics",46.38,"successful","2020-12-03 22:42:44.421"
777,46,"15","Sports",59.01,"successful","2021-01-27 14:59:41"
778,497,"9","Games",83.05,"successful","2021-02-02 14:50:21.922"
779,201,"79","Clothing",25.79,"successful","2020-12-10 20:56:21.208"
780,65,"51","Games",66.2,"successful","2020-12-04 00:39:07.263"
781,396,"52","Outdoors",94.41,"successful","2021-01-14 15:29:19.965"
782,135,"3","Outdoors",71.74,"successful","2021-01-26 14:17:35.377"
783,50,"42","Toys",31.51,"successful","2021-01-31 08:40:16.921"
784,39,"98","Kids",84.56,"failed","2020-12-01 22:05:24.225"
785,397,"3","Electronics",36.75,"successful","2021-01-11 17:26:18.5"
786,23,"7","Computers",21.45,"successful","2020-12-02 10:09:47.675"
787,105,"60","Movies",58.21,"successful","2020-12-16 11:34:58.098"
788,455,"61","Movies",4.97,"successful","2021-01-29 05:47:08.179"
789,295,"75","Kids",28.52,"successful","2020-12-30 00:19:30.962"
790,324,"65","Computers",5.22,"successful","2021-01-29 10:01:32.913"
791,42,"89","Clothing",62.95,"successful","2020-12-22 05:14:32.875"
792,423,"2","Health",92.58,"successful","2021-01-25 18:54:22.909"
793,595,"26","Garden",14.43,"successful","2021-01-28 19:13:49.786"
794,50,"53","Health",46.14,"successful","2021-01-11 05:21:11.297"
795,73,"54","Jewelery",97.85,"failed","2020-12-14 03:25:30.583"
796,303,"33","Books",35.42,"successful","2021-01-10 20:33:49.487"
797,124,"21","Kids",34.98,"successful","2021-01-30 08:47:31.437"
798,430,"27","Toys",62.4,"successful","2020-12-25 09:15:42.282"
799,535,"1","Sports",35.12,"successful","2021-02-06 02:23:39.507"
800,473,"72","Health",42.01,"successful","2021-01-13 15:09:57.808"
801,13,"44","Toys",27.34,"successful","2021-01-25 14:39:38.442"
802,111,"45","Electronics",41.43,"successful","2021-01-19 07:53:44.585"
803,539,"7","Movies",66.75,"successful","2021-02-02 23:11:09.327"
804,139,"65","Computers",95.18,"successful","2020-12-15 16:52:38.068"
805,506,"33","Movies",75.87,"successful","2021-01-06 00:47:03.72"
806,445,"26","Games",84.37,"successful","2020-12-29 06:47:30.598"
807,377,"36","Computers",93.59,"successful","2021-01-03 03:47:05.466"
808,13,"31","Baby",96.53,"successful","2021-01-21 02:38:23.062"
809,450,"21","Home",20.54,"successful","2021-01-20 06:23:51.383"
810,45,"56","Games",1.46,"successful","2020-11-22 17:27:38.336"
811,194,"41","Industrial",78.31,"successful","2021-01-09 17:15:26.39"
812,334,"23","Toys",42.73,"successful","2020-12-11 13:32:39.54"
813,555,"3","Automotive",25.52,"successful","2021-01-03 13:30:02.464"
814,488,"66","Tools",31.26,"successful","2020-12-28 12:33:31.533"
815,533,"39","Computers",91.05,"successful","2021-01-29 18:09:06.041"
816,81,"7","Industrial",16.66,"successful","2020-11-21 00:42:06.669"
817,479,"84","Tools",60.44,"successful","2021-01-08 08:36:06.823"
818,492,"68","Home",5.84,"successful","2021-01-06 04:57:27.483"
819,74,"21","Grocery",27.85,"successful","2021-01-28 19:03:41.193"
820,369,"80","Beauty",20.04,"failed","2021-02-06 13:05:58.446"
821,594,"25","Health",26.21,"successful","2021-01-23 02:39:01.339"
822,84,"76","Home",17.45,"successful","2020-12-16 20:59:41.046"
823,374,"56","Music",53.51,"successful","2021-01-03 16:39:38.117"
824,85,"79","Clothing",51.64,"successful","2021-01-30 01:33:55.521"
825,307,"94","Outdoors",36.6,"successful","2020-12-14 13:39:22.893"
826,508,"74","Tools",30.5,"successful","2021-02-07 02:28:21.159"
827,161,"92","Clothing",60.24,"successful","2020-12-14 09:16:19.081"
828,98,"74","Jewelery",65.71,"successful","2020-12-21 09:27:41.749"
829,565,"78","Automotive",76.07,"successful","2021-01-21 18:34:06.556"
830,584,"53","Garden",56.09,"successful","2021-01-27 12:42:43.59"
831,337,"82","Beauty",34.66,"successful","2021-01-29 08:19:40.211"
832,30,"97","Clothing",17.57,"successful","2021-01-20 03:00:13.808"
833,453,"12","Shoes",44.62,"successful","2020-12-22 02:51:12.611"
834,38,"22","Industrial",23.13,"successful","2020-11-28 21:36:08.661"
835,278,"83","Industrial",34.82,"successful","2021-01-22 17:11:24.823"
836,38,"55","Garden",19.84,"successful","2021-01-22 18:03:03.949"
837,51,"91","Music",30.69,"successful","2020-12-11 06:07:21.914"
838,311,"65","Beauty",62.23,"successful","2021-01-02 22:51:49.931"
839,244,"94","Grocery",29.38,"successful","2020-12-25 14:15:39.866"
840,355,"56","Sports",50.52,"successful","2021-01-18 11:30:19.072"
841,206,"69","Industrial",37.68,"successful","2020-12-14 00:30:10.027"
842,337,"58","Computers",56.58,"successful","2020-12-20 15:58:18.455"
843,75,"25","Shoes",15.43,"successful","2020-12-20 02:15:02.246"
844,175,"80","Sports",73.86,"failed","2020-12-10 06:56:06.123"
845,172,"66","Movies",52.08,"successful","2021-01-11 05:01:23.297"
846,312,"48","Computers",40.74,"successful","2020-12-10 16:22:42.568"
847,558,"28","Shoes",78.56,"successful","2021-01-18 06:30:08.716"
848,184,"37","Jewelery",30.04,"successful","2021-02-05 02:18:38.392"
849,4,"42","Home",48.47,"successful","2020-11-17 15:54:56.355"
850,14,"22","Home",11.52,"successful","2020-12-11 07:02:50.985"
851,47,"35","Clothing",8.96,"failed","2020-12-21 03:33:54.27"
852,121,"78","Home",38.09,"successful","2020-11-22 11:47:40.675"
853,420,"86","Toys",1.2,"successful","2021-01-22 17:41:26.794"
854,154,"57","Sports",16.78,"successful","2020-11-30 10:11:21.481"
855,582,"64","Music",33.46,"successful","2021-01-31 03:15:31.013"
856,550,"65","Baby",42.93,"successful","2021-01-16 13:53:24.549"
857,180,"18","Garden",88.39,"successful","2021-01-20 16:42:09.729"
858,336,"18","Grocery",98.12,"successful","2021-01-25 02:18:33.224"
859,133,"42","Sports",95.19,"successful","2020-12-10 01:52:48.36"
860,528,"88","Games",26.66,"successful","2021-01-13 02:06:50.957"
861,500,"35","Outdoors",47.91,"successful","2021-01-17 14:41:50.691"
862,343,"82","Shoes",14.69,"successful","2021-01-11 07:53:50.153"
863,117,"59","Computers",60.81,"successful","2020-11-23 19:08:11.212"
864,543,"22","Baby",54.87,"successful","2021-01-05 15:18:36.342"
865,477,"58","Computers",23.59,"successful","2021-01-29 01:43:28.704"
866,329,"82","Electronics",8.23,"successful","2021-01-05 19:55:53.165"
867,475,"90","Beauty",98.6,"successful","2021-01-03 00:36:54.169"
868,303,"84","Music",26.95,"successful","2020-12-10 09:30:19.377"
869,105,"76","Movies",59.3,"successful","2021-01-01 23:23:45.447"
870,102,"97","Sports",44.41,"successful","2020-12-11 09:30:39"
871,285,"67","Baby",1.38,"successful","2021-01-07 03:44:06.441"
872,22,"74","Shoes",90.38,"successful","2021-01-29 16:31:28.6"
873,273,"79","Tools",21.31,"successful","2020-12-24 21:01:25.317"
874,582,"100","Industrial",59.05,"successful","2021-01-21 10:44:04.742"
875,291,"41","Clothing",85.88,"successful","2020-12-10 02:39:31.051"
876,94,"81","Industrial",88.17,"successful","2020-11-21 00:49:09.711"
877,400,"97","Sports",53.25,"successful","2021-01-06 12:08:21.802"
878,186,"36","Clothing",25.53,"successful","2021-01-19 05:19:46.832"
879,121,"33","Shoes",54.3,"successful","2021-01-10 16:46:26.649"
880,591,"92","Books",99,"successful","2021-01-11 06:18:40.623"
881,523,"87","Music",41.16,"successful","2021-01-16 10:28:37.798"
882,555,"28","Outdoors",30.61,"successful","2021-01-09 06:01:02.279"
883,580,"20","Games",10.09,"successful","2021-02-05 14:02:06.023"
884,414,"36","Home",87.26,"successful","2021-02-03 13:02:21.36"
885,169,"59","Industrial",78.85,"successful","2021-02-02 19:44:24.884"
886,207,"64","Garden",90.6,"successful","2021-01-25 01:58:23.356"
887,147,"9","Music",71.83,"successful","2021-02-07 09:31:58.199"
888,142,"34","Baby",74.5,"successful","2020-12-12 21:05:28.88"
889,107,"29","Kids",68,"successful","2020-11-20 12:47:58.745"
890,574,"75","Garden",62.24,"successful","2021-01-02 05:09:36.667"
891,65,"61","Automotive",8.19,"successful","2020-12-06 19:38:07.063"
892,400,"71","Outdoors",63.96,"successful","2021-01-18 09:10:45.252"
893,315,"38","Grocery",37.29,"successful","2021-01-29 17:40:16.467"
894,101,"81","Shoes",67.35,"successful","2020-12-11 15:48:26.153"
895,535,"4","Music",71.01,"successful","2021-01-22 04:35:38.545"
896,318,"28","Kids",64.19,"successful","2020-12-19 18:17:45.448"
897,352,"54","Sports",37.31,"successful","2020-12-18 22:26:04.969"
898,512,"42","Books",87.15,"successful","2021-01-12 10:43:12.553"
899,571,"99","Tools",71.9,"successful","2021-01-19 10:52:51.576"
900,248,"96","Movies",84.78,"successful","2021-01-31 09:49:10.154"
901,202,"36","Health",93.65,"successful","2020-12-01 10:41:40.598"
902,190,"12","Industrial",81.2,"successful","2021-01-29 05:58:36.611"
903,337,"42","Health",17.27,"successful","2021-01-24 03:58:59.442"
904,393,"13","Grocery",58.13,"successful","2021-01-04 20:59:41.329"
905,236,"54","Computers",16.22,"successful","2020-12-10 07:10:14.095"
906,268,"3","Grocery",48.96,"successful","2021-01-02 10:52:50.377"
907,565,"46","Grocery",46.94,"successful","2021-01-07 21:39:48.008"
908,479,"77","Kids",94.21,"successful","2021-01-29 14:10:36.546"
909,538,"98","Jewelery",54.88,"successful","2021-01-26 20:45:20.448"
910,457,"100","Movies",73.25,"successful","2021-01-11 16:05:48.241"
911,440,"100","Shoes",91.97,"successful","2020-12-24 19:55:56.286"
912,273,"72","Computers",94.53,"successful","2020-12-05 20:54:45.183"
913,59,"71","Tools",53.6,"successful","2021-01-29 16:07:41.337"
914,401,"12","Automotive",2.51,"successful","2021-01-28 19:21:43.293"
915,305,"29","Kids",64.4,"successful","2021-01-21 09:04:30.833"
916,447,"65","Kids",37.06,"successful","2021-01-16 00:40:50.687"
917,346,"7","Electronics",48.12,"successful","2021-01-19 10:33:36.38"
918,484,"94","Grocery",98.59,"successful","2021-01-10 20:11:04.551"
919,409,"38","Books",99.6,"successful","2020-12-17 14:41:31.304"
920,561,"81","Sports",23.59,"successful","2021-01-11 04:04:39.362"
921,299,"54","Baby",90.31,"successful","2020-12-14 05:56:05.577"
922,589,"1","Health",47.92,"successful","2021-01-18 06:04:41.441"
923,193,"32","Movies",66.75,"successful","2021-01-31 05:07:09.493"
924,201,"30","Garden",55.87,"successful","2021-01-29 20:36:19.033"
925,267,"61","Beauty",92.67,"failed","2020-12-30 02:24:59.905"
926,230,"13","Grocery",82.02,"successful","2021-02-07 12:42:28.403"
927,190,"26","Baby",75.45,"successful","2021-01-15 17:01:32.501"
928,174,"54","Jewelery",97.98,"successful","2020-12-29 17:50:19.047"
929,486,"66","Sports",94.18,"successful","2021-01-22 03:47:39.451"
930,328,"12","Garden",9.01,"successful","2021-02-03 12:46:21.555"
931,217,"85","Jewelery",29.89,"successful","2021-01-25 15:49:06.74"
932,226,"96","Clothing",36.36,"successful","2020-12-20 10:09:46.316"
933,526,"52","Garden",58.34,"successful","2021-01-10 07:29:23.031"
934,26,"71","Clothing",27.62,"successful","2021-01-09 17:57:10.493"
935,193,"52","Home",88.9,"successful","2021-01-02 20:59:48.836"
936,548,"100","Books",43.9,"successful","2021-01-24 13:47:22.889"
937,300,"27","Books",5.64,"successful","2020-12-19 01:51:13.863"
938,253,"97","Toys",32.22,"successful","2021-01-10 12:32:12.144"
939,377,"48","Industrial",49.94,"successful","2020-12-22 19:19:00.998"
940,400,"88","Garden",31.63,"successful","2020-12-28 19:11:15.811"
941,532,"51","Computers",26.16,"successful","2021-02-01 23:46:03.935"
942,158,"66","Home",3.64,"successful","2021-01-30 17:23:46.7"
943,566,"53","Garden",6.97,"successful","2021-02-06 06:59:28.78"
944,152,"60","Home",50.67,"successful","2021-02-06 16:47:39.062"
945,345,"75","Shoes",61.27,"successful","2021-01-14 22:50:46.63"
946,61,"100","Music",20.14,"successful","2020-12-31 00:23:32.412"
947,365,"69","Jewelery",3.01,"successful","2020-12-26 08:20:31.581"
948,131,"69","Sports",72.32,"successful","2021-01-26 00:37:56.716"
949,271,"69","Kids",22.36,"successful","2021-01-06 07:58:24.63"
950,206,"39","Beauty",58.44,"successful","2020-11-30 11:03:24.381"
951,289,"21","Garden",94.28,"successful","2020-12-15 22:09:24.055"
952,167,"89","Jewelery",21.09,"successful","2021-01-12 02:24:44.575"
953,6,"12","Grocery",68.59,"successful","2020-11-15 04:07:12.343"
954,383,"7","Home",88.2,"successful","2020-12-30 22:59:33.232"
955,60,"23","Toys",7.54,"successful","2021-01-25 06:12:32.019"
956,549,"9","Movies",27.3,"successful","2021-01-23 04:53:12.324"
957,135,"87","Industrial",32.81,"successful","2020-12-01 19:56:06.885"
958,340,"95","Shoes",8.93,"successful","2021-01-30 01:46:13.129"
959,13,"87","Tools",56.15,"successful","2020-12-22 17:24:17.841"
960,55,"20","Grocery",50.78,"successful","2021-01-27 17:55:37.276"
961,361,"69","Sports",48.35,"successful","2021-01-19 02:38:39.106"
962,276,"47","Clothing",33.29,"successful","2021-02-01 15:21:31.728"
963,449,"75","Garden",72.05,"successful","2021-01-27 18:15:45.204"
964,84,"89","Electronics",83.27,"successful","2021-02-03 19:07:04.828"
965,363,"94","Electronics",42.5,"successful","2021-01-06 22:03:24.784"
966,420,"94","Movies",3.89,"successful","2020-12-27 10:34:33.013"
967,192,"1","Industrial",30.38,"successful","2021-01-24 13:44:33.131"
968,522,"63","Kids",33.83,"successful","2021-01-20 21:30:23.723"
969,327,"38","Electronics",27.47,"successful","2021-02-01 08:56:11.884"
970,375,"39","Shoes",1.41,"successful","2021-02-01 03:21:32.62"
971,505,"63","Tools",22.68,"successful","2021-01-09 23:00:52.329"
972,447,"30","Beauty",51.6,"successful","2021-01-27 12:03:03.259"
973,165,"41","Games",5.01,"successful","2021-01-17 08:23:37.573"
974,257,"86","Health",43.22,"successful","2021-01-09 21:17:19.59"
975,510,"46","Electronics",8.34,"successful","2021-02-03 09:47:36.533"
976,5,"98","Grocery",26.07,"successful","2021-01-15 02:27:45.401"
977,415,"18","Books",52.53,"successful","2020-12-29 03:33:48.267"
978,38,"40","Garden",51.39,"successful","2021-01-27 00:57:35.275"
979,577,"47","Garden",94.51,"successful","2021-01-23 05:31:59.278"
980,377,"59","Electronics",34.37,"successful","2020-12-25 21:33:14.361"
981,88,"83","Tools",58.27,"successful","2021-01-29 00:00:29.819"
982,38,"50","Electronics",12.01,"successful","2020-11-18 10:51:15.72"
983,424,"69","Health",66.71,"successful","2021-01-28 01:40:02.12"
984,516,"98","Games",37.44,"successful","2021-02-01 03:02:13.665"
985,106,"11","Home",73.04,"successful","2021-01-20 11:47:19.669"
986,131,"68","Jewelery",44.51,"successful","2021-01-13 02:46:36.018"
987,204,"78","Baby",9.64,"successful","2021-01-14 18:18:56.497"
988,30,"92","Electronics",46.03,"successful","2021-01-28 19:20:53.866"
989,285,"29","Health",61.44,"successful","2020-12-13 16:07:55.922"
990,118,"73","Computers",92.39,"successful","2020-11-20 15:39:07.167"
991,539,"18","Health",58.75,"successful","2021-01-14 05:49:31.063"
992,186,"51","Music",23.25,"successful","2021-01-07 03:47:27.291"
993,325,"45","Grocery",51.44,"successful","2020-12-18 09:12:23.74"
994,29,"40","Jewelery",22.46,"successful","2021-01-18 06:06:24.323"
995,524,"57","Health",88.48,"successful","2021-01-10 22:14:24.025"
996,497,"98","Computers",51.22,"successful","2021-01-01 00:32:00.888"
997,198,"20","Tools",24.37,"successful","2021-01-01 12:48:04.437"
998,243,"49","Home",63.2,"successful","2021-01-12 04:06:57.282"
999,190,"76","Computers",55.91,"successful","2021-01-30 07:49:37.325"
1000,375,"80","Kids",43.78,"successful","2021-01-26 03:56:30.685"
